num_followers,acousticness,danceability,duration_ms,energy,instrumentalness,key,liveness,loudness,mode,speechiness,tempo,valence
2.0,0.09845,0.622,224530.75,0.669,2.3875E-6,5.0,0.125,-6.4719999999999995,1.0,0.05055,120.017,0.4765
57.0,0.0682,0.599,235707.0,0.716,1.23E-6,5.0,0.1175,-5.775,1.0,0.0432,119.256,0.42
1483.0,0.0764,0.571,216933.0,0.744,0.0,6.0,0.132,-5.284,1.0,0.0489,122.023,0.467
1470.0,0.371,0.589,208733.5,0.6659999999999999,1.132E-5,6.5,0.1185,-6.965,1.0,0.0403,103.165,0.3835
